{"cameraMode":{"drawMode":0,"name":"Shaded","section":"Shading Mode"},"sceneLighting":false,"audioPlay":false,"sceneViewState":{"m_AlwaysRefresh":false,"showFog":true,"showSkybox":false,"showFlares":true,"showImageEffects":true,"showParticleSystems":true,"showVisualEffectGraphs":true,"m_FxEnabled":true},"in2DMode":false,"pivot":{"x":512.1194458007813,"y":265.2326965332031,"z":411.9928894042969},"rotation":{"x":0.14943501353263856,"y":-0.0053352476097643379,"z":0.0008092833450064063,"w":0.9887495040893555},"size":550.3182983398438,"orthographic":false}