{"cameraMode":{"drawMode":0,"name":"Shaded","section":"Shading Mode"},"sceneLighting":false,"audioPlay":false,"sceneViewState":{"m_AlwaysRefresh":false,"showFog":true,"showSkybox":false,"showFlares":true,"showImageEffects":true,"showParticleSystems":true,"showVisualEffectGraphs":true,"m_FxEnabled":true},"in2DMode":false,"pivot":{"x":22.885967254638673,"y":106.05903625488281,"z":-127.23672485351563},"rotation":{"x":0.3078666031360626,"y":-0.08973587304353714,"z":0.02917914278805256,"w":0.9467490315437317},"size":11.995538711547852,"orthographic":false}