{"cameraMode":{"drawMode":0,"name":"Shaded","section":"Shading Mode"},"sceneLighting":false,"audioPlay":false,"sceneViewState":{"m_AlwaysRefresh":false,"showFog":true,"showSkybox":false,"showFlares":true,"showImageEffects":true,"showParticleSystems":true,"showVisualEffectGraphs":true,"m_FxEnabled":true},"in2DMode":false,"pivot":{"x":-0.17906448245048524,"y":0.05464264750480652,"z":59.702327728271487},"rotation":{"x":-0.03786509856581688,"y":-0.43159204721450808,"z":0.018140273168683053,"w":-0.9010398387908936},"size":0.16721214354038239,"orthographic":false}