{"cameraMode":{"drawMode":0,"name":"Shaded","section":"Shading Mode"},"sceneLighting":false,"audioPlay":false,"sceneViewState":{"m_AlwaysRefresh":false,"showFog":true,"showSkybox":false,"showFlares":true,"showImageEffects":true,"showParticleSystems":true,"showVisualEffectGraphs":true,"m_FxEnabled":true},"in2DMode":false,"pivot":{"x":535.9531860351563,"y":295.1044616699219,"z":661.624267578125},"rotation":{"x":-0.04048856347799301,"y":0.0029763721395283939,"z":-0.0001139022278948687,"w":-0.9991702437400818},"size":637.1471557617188,"orthographic":false}