{"cameraMode":{"drawMode":0,"name":"Shaded","section":"Shading Mode"},"sceneLighting":false,"audioPlay":false,"sceneViewState":{"m_AlwaysRefresh":false,"showFog":true,"showSkybox":false,"showFlares":true,"showImageEffects":true,"showParticleSystems":true,"showVisualEffectGraphs":true,"m_FxEnabled":true},"in2DMode":false,"pivot":{"x":545.0939331054688,"y":327.17291259765627,"z":740.705810546875},"rotation":{"x":-0.0329938605427742,"y":0.0014779990306124092,"z":-0.00004207642996334471,"w":-0.9994497299194336},"size":651.3641967773438,"orthographic":false}