{"cameraMode":{"drawMode":0,"name":"Shaded","section":"Shading Mode"},"sceneLighting":false,"audioPlay":false,"sceneViewState":{"m_AlwaysRefresh":false,"showFog":true,"showSkybox":true,"showFlares":true,"showImageEffects":true,"showParticleSystems":true,"showVisualEffectGraphs":true,"m_FxEnabled":true},"in2DMode":false,"pivot":{"x":97.64210510253906,"y":161.9443817138672,"z":-186.7984161376953},"rotation":{"x":-0.3347921371459961,"y":-0.010454841889441014,"z":0.003708604257553816,"w":-0.9422485828399658},"size":11.863200187683106,"orthographic":false}