{"cameraMode":{"drawMode":0,"name":"Shaded","section":"Shading Mode"},"sceneLighting":false,"audioPlay":false,"sceneViewState":{"m_AlwaysRefresh":false,"showFog":true,"showSkybox":true,"showFlares":true,"showImageEffects":true,"showParticleSystems":true,"showVisualEffectGraphs":true,"m_FxEnabled":true},"in2DMode":false,"pivot":{"x":90.23233032226563,"y":41.766944885253909,"z":0.5651044845581055},"rotation":{"x":0.33962953090667727,"y":-0.2566462755203247,"z":0.09673722833395004,"w":0.8997422456741333},"size":10.710430145263672,"orthographic":false}