{"cameraMode":{"drawMode":0,"name":"Shaded","section":"Shading Mode"},"sceneLighting":false,"audioPlay":false,"sceneViewState":{"m_AlwaysRefresh":false,"showFog":true,"showSkybox":true,"showFlares":true,"showImageEffects":true,"showParticleSystems":true,"showVisualEffectGraphs":true,"m_FxEnabled":true},"in2DMode":false,"pivot":{"x":100.96508026123047,"y":50.15531539916992,"z":-81.65278625488281},"rotation":{"x":0.2762729227542877,"y":-0.00928367581218481,"z":0.0025738028343766929,"w":0.9611191153526306},"size":10.334903717041016,"orthographic":false}