{"cameraMode":{"drawMode":0,"name":"Shaded","section":"Shading Mode"},"sceneLighting":false,"audioPlay":false,"sceneViewState":{"m_AlwaysRefresh":false,"showFog":true,"showSkybox":false,"showFlares":true,"showImageEffects":true,"showParticleSystems":true,"showVisualEffectGraphs":true,"m_FxEnabled":true},"in2DMode":false,"pivot":{"x":-0.7341096997261047,"y":1.0458537340164185,"z":-1.0302221775054932},"rotation":{"x":-0.17484982311725617,"y":-0.3402899205684662,"z":0.06458985060453415,"w":-0.9216294288635254},"size":0.6545838117599487,"orthographic":false}