{"cameraMode":{"drawMode":0,"name":"Shaded","section":"Shading Mode"},"sceneLighting":false,"audioPlay":false,"sceneViewState":{"m_AlwaysRefresh":false,"showFog":true,"showSkybox":false,"showFlares":true,"showImageEffects":true,"showParticleSystems":true,"showVisualEffectGraphs":true,"m_FxEnabled":true},"in2DMode":false,"pivot":{"x":550.1114501953125,"y":313.5543518066406,"z":102.53185272216797},"rotation":{"x":-0.04348590970039368,"y":-0.003018241375684738,"z":0.00013809635129291564,"w":-0.9990451335906982},"size":637.3509521484375,"orthographic":false}