{"cameraMode":{"drawMode":0,"name":"Shaded","section":"Shading Mode"},"sceneLighting":false,"audioPlay":false,"sceneViewState":{"m_AlwaysRefresh":false,"showFog":true,"showSkybox":false,"showFlares":true,"showImageEffects":true,"showParticleSystems":true,"showVisualEffectGraphs":true,"m_FxEnabled":true},"in2DMode":false,"pivot":{"x":-0.08916149288415909,"y":-0.022878453135490419,"z":59.99281311035156},"rotation":{"x":-0.0942520871758461,"y":0.046570491045713428,"z":-0.004415764007717371,"w":-0.9944021701812744},"size":0.5615490078926086,"orthographic":false}