{"cameraMode":{"drawMode":0,"name":"Shaded","section":"Shading Mode"},"sceneLighting":false,"audioPlay":false,"sceneViewState":{"m_AlwaysRefresh":false,"showFog":true,"showSkybox":false,"showFlares":true,"showImageEffects":true,"showParticleSystems":true,"showVisualEffectGraphs":true,"m_FxEnabled":true},"in2DMode":false,"pivot":{"x":-0.000002384185791015625,"y":-4.76837158203125e-7,"z":-3.575000762939453},"rotation":{"x":0.26006051898002627,"y":-0.34904196858406069,"z":0.10144578665494919,"w":0.8945844769477844},"size":12.148276329040528,"orthographic":false}